{
  "total_locations": 150,
  "low_risk_count": 41,
  "moderate_risk_count": 49,
  "high_risk_count": 26,
  "very_high_risk_count": 34,
  "low_risk_pct": 27.333333333333332,
  "moderate_risk_pct": 32.666666666666664,
  "high_risk_pct": 17.333333333333336,
  "very_high_risk_pct": 22.666666666666664
}